DATE,TIME PERIOD,cost_of_borrowing_for_corporations
31-01-2003,2003Jan,4.54
28-02-2003,2003Feb,4.46
31-03-2003,2003Mar,4.39
30-04-2003,2003Apr,4.33
31-05-2003,2003May,4.26
30-06-2003,2003Jun,4.01
31-07-2003,2003Jul,3.93
31-08-2003,2003Aug,3.97
30-09-2003,2003Sep,3.93
31-10-2003,2003Oct,3.93
30-11-2003,2003Nov,3.88
31-12-2003,2003Dec,3.92
31-01-2004,2004Jan,3.91
29-02-2004,2004Feb,3.88
31-03-2004,2004Mar,3.82
30-04-2004,2004Apr,3.83
31-05-2004,2004May,3.85
30-06-2004,2004Jun,3.82
31-07-2004,2004Jul,3.84
31-08-2004,2004Aug,3.82
30-09-2004,2004Sep,3.85
31-10-2004,2004Oct,3.83
30-11-2004,2004Nov,3.8
31-12-2004,2004Dec,3.78
31-01-2005,2005Jan,3.8
28-02-2005,2005Feb,3.8
31-03-2005,2005Mar,3.79
30-04-2005,2005Apr,3.75
31-05-2005,2005May,3.71
30-06-2005,2005Jun,3.66
31-07-2005,2005Jul,3.66
31-08-2005,2005Aug,3.67
30-09-2005,2005Sep,3.66
31-10-2005,2005Oct,3.67
30-11-2005,2005Nov,3.77
31-12-2005,2005Dec,3.83
31-01-2006,2006Jan,3.87
28-02-2006,2006Feb,3.95
31-03-2006,2006Mar,4.08
30-04-2006,2006Apr,4.14
31-05-2006,2006May,4.19
30-06-2006,2006Jun,4.29
31-07-2006,2006Jul,4.39
31-08-2006,2006Aug,4.5
30-09-2006,2006Sep,4.54
31-10-2006,2006Oct,4.7
30-11-2006,2006Nov,4.79
31-12-2006,2006Dec,4.89
31-01-2007,2007Jan,4.91
28-02-2007,2007Feb,4.99
31-03-2007,2007Mar,5.1
30-04-2007,2007Apr,5.15
31-05-2007,2007May,5.17
30-06-2007,2007Jun,5.3
31-07-2007,2007Jul,5.34
31-08-2007,2007Aug,5.45
30-09-2007,2007Sep,5.63
31-10-2007,2007Oct,5.57
30-11-2007,2007Nov,5.57
31-12-2007,2007Dec,5.73
31-01-2008,2008Jan,5.59
29-02-2008,2008Feb,5.52
31-03-2008,2008Mar,5.62
30-04-2008,2008Apr,5.71
31-05-2008,2008May,5.72
30-06-2008,2008Jun,5.8
31-07-2008,2008Jul,5.89
31-08-2008,2008Aug,5.88
30-09-2008,2008Sep,6.03
31-10-2008,2008Oct,6.01
30-11-2008,2008Nov,5.46
31-12-2008,2008Dec,4.92
31-01-2009,2009Jan,4.24
28-02-2009,2009Feb,3.88
31-03-2009,2009Mar,3.62
30-04-2009,2009Apr,3.32
31-05-2009,2009May,3.27
30-06-2009,2009Jun,3.26
31-07-2009,2009Jul,3.07
31-08-2009,2009Aug,2.98
30-09-2009,2009Sep,2.87
31-10-2009,2009Oct,2.89
30-11-2009,2009Nov,2.93
31-12-2009,2009Dec,2.85
31-01-2010,2010Jan,2.78
28-02-2010,2010Feb,2.77
31-03-2010,2010Mar,2.75
30-04-2010,2010Apr,2.76
31-05-2010,2010May,2.74
30-06-2010,2010Jun,2.84
31-07-2010,2010Jul,2.88
31-08-2010,2010Aug,2.94
30-09-2010,2010Sep,2.94
31-10-2010,2010Oct,3.01
30-11-2010,2010Nov,3.07
31-12-2010,2010Dec,3.13
31-01-2011,2011Jan,3.13
28-02-2011,2011Feb,3.26
31-03-2011,2011Mar,3.29
30-04-2011,2011Apr,3.45
31-05-2011,2011May,3.44
30-06-2011,2011Jun,3.54
31-07-2011,2011Jul,3.6
31-08-2011,2011Aug,3.6
30-09-2011,2011Sep,3.61
31-10-2011,2011Oct,3.7
30-11-2011,2011Nov,3.64
31-12-2011,2011Dec,3.72
31-01-2012,2012Jan,3.54
29-02-2012,2012Feb,3.47
31-03-2012,2012Mar,3.36
30-04-2012,2012Apr,3.35
31-05-2012,2012May,3.33
30-06-2012,2012Jun,3.28
31-07-2012,2012Jul,3.17
31-08-2012,2012Aug,3.05
30-09-2012,2012Sep,3.03
31-10-2012,2012Oct,3.04
30-11-2012,2012Nov,3.02
31-12-2012,2012Dec,3.02
31-01-2013,2013Jan,3.02
28-02-2013,2013Feb,2.99
31-03-2013,2013Mar,2.98
30-04-2013,2013Apr,3.03
31-05-2013,2013May,2.99
30-06-2013,2013Jun,2.92
31-07-2013,2013Jul,2.99
31-08-2013,2013Aug,2.93
30-09-2013,2013Sep,2.94
31-10-2013,2013Oct,3.02
30-11-2013,2013Nov,2.99
31-12-2013,2013Dec,2.95
31-01-2014,2014Jan,2.99
28-02-2014,2014Feb,2.98
31-03-2014,2014Mar,3.01
30-04-2014,2014Apr,3
31-05-2014,2014May,2.94
30-06-2014,2014Jun,2.83
31-07-2014,2014Jul,2.79
31-08-2014,2014Aug,2.71
30-09-2014,2014Sep,2.68
31-10-2014,2014Oct,2.59
30-11-2014,2014Nov,2.51
31-12-2014,2014Dec,2.45
31-01-2015,2015Jan,2.45
28-02-2015,2015Feb,2.38
31-03-2015,2015Mar,2.37
30-04-2015,2015Apr,2.35
31-05-2015,2015May,2.27
30-06-2015,2015Jun,2.25
31-07-2015,2015Jul,2.18
31-08-2015,2015Aug,2.16
30-09-2015,2015Sep,2.23
31-10-2015,2015Oct,2.16
30-11-2015,2015Nov,2.14
31-12-2015,2015Dec,2.1
31-01-2016,2016Jan,2.11
29-02-2016,2016Feb,2.03
31-03-2016,2016Mar,2.05
30-04-2016,2016Apr,2.01
31-05-2016,2016May,1.92
30-06-2016,2016Jun,1.9
31-07-2016,2016Jul,1.87
31-08-2016,2016Aug,1.84
30-09-2016,2016Sep,1.86
31-10-2016,2016Oct,1.84
30-11-2016,2016Nov,1.83
31-12-2016,2016Dec,1.81
31-01-2017,2017Jan,1.79
28-02-2017,2017Feb,1.77
31-03-2017,2017Mar,1.83
30-04-2017,2017Apr,1.82
31-05-2017,2017May,1.76
30-06-2017,2017Jun,1.76
31-07-2017,2017Jul,1.74
31-08-2017,2017Aug,1.75
30-09-2017,2017Sep,1.73
31-10-2017,2017Oct,1.73
30-11-2017,2017Nov,1.72
31-12-2017,2017Dec,1.71
31-01-2018,2018Jan,1.65
28-02-2018,2018Feb,1.71
31-03-2018,2018Mar,1.73
30-04-2018,2018Apr,1.7
31-05-2018,2018May,1.62
30-06-2018,2018Jun,1.68
31-07-2018,2018Jul,1.63
31-08-2018,2018Aug,1.63
30-09-2018,2018Sep,1.65
31-10-2018,2018Oct,1.64
30-11-2018,2018Nov,1.66
31-12-2018,2018Dec,1.64
31-01-2019,2019Jan,1.63
28-02-2019,2019Feb,1.65
31-03-2019,2019Mar,1.65
30-04-2019,2019Apr,1.62
31-05-2019,2019May,1.57
30-06-2019,2019Jun,1.55
31-07-2019,2019Jul,1.57
31-08-2019,2019Aug,1.52
30-09-2019,2019Sep,1.54
31-10-2019,2019Oct,1.56
30-11-2019,2019Nov,1.55
31-12-2019,2019Dec,1.56
31-01-2020,2020Jan,1.55
29-02-2020,2020Feb,1.52
31-03-2020,2020Mar,1.46
30-04-2020,2020Apr,1.47
31-05-2020,2020May,1.46
30-06-2020,2020Jun,1.5
31-07-2020,2020Jul,1.52
31-08-2020,2020Aug,1.51
30-09-2020,2020Sep,1.52
31-10-2020,2020Oct,1.54
30-11-2020,2020Nov,1.52
31-12-2020,2020Dec,1.51
31-01-2021,2021Jan,1.5
28-02-2021,2021Feb,1.49
31-03-2021,2021Mar,1.4
30-04-2021,2021Apr,1.56
31-05-2021,2021May,1.47
30-06-2021,2021Jun,1.47
31-07-2021,2021Jul,1.48
31-08-2021,2021Aug,1.44
30-09-2021,2021Sep,1.49
31-10-2021,2021Oct,1.44
30-11-2021,2021Nov,1.39
31-12-2021,2021Dec,1.36
31-01-2022,2022Jan,1.43
28-02-2022,2022Feb,1.42
31-03-2022,2022Mar,1.49
30-04-2022,2022Apr,1.51
31-05-2022,2022May,1.55
30-06-2022,2022Jun,1.83
31-07-2022,2022Jul,1.79
31-08-2022,2022Aug,1.87
30-09-2022,2022Sep,2.4
31-10-2022,2022Oct,2.72
30-11-2022,2022Nov,3.11
31-12-2022,2022Dec,3.41
31-01-2023,2023Jan,3.64
28-02-2023,2023Feb,3.86
31-03-2023,2023Mar,4.22
30-04-2023,2023Apr,4.39
31-05-2023,2023May,4.58
30-06-2023,2023Jun,4.78
31-07-2023,2023Jul,4.95
31-08-2023,2023Aug,5.01
30-09-2023,2023Sep,5.11
31-10-2023,2023Oct,5.28
30-11-2023,2023Nov,5.25
31-12-2023,2023Dec,5.24
31-01-2024,2024Jan,5.19
29-02-2024,2024Feb,5.16
31-03-2024,2024Mar,5.2
30-04-2024,2024Apr,5.2
31-05-2024,2024May,5.12
30-06-2024,2024Jun,5.08
31-07-2024,2024Jul,5.06
31-08-2024,2024Aug,5.01
30-09-2024,2024Sep,4.8
31-10-2024,2024Oct,4.67
30-11-2024,2024Nov,4.52
31-12-2024,2024Dec,4.36
31-01-2025,2025Jan,4.25
28-02-2025,2025Feb,4.11
31-03-2025,2025Mar,3.94
30-04-2025,2025Apr,3.8
31-05-2025,2025May,3.66
30-06-2025,2025Jun,3.61
31-07-2025,2025Jul,3.52
31-08-2025,2025Aug,3.46
30-09-2025,2025Sep,3.5
31-10-2025,2025Oct,3.51
30-11-2025,2025Nov,3.5
31-12-2025,2025Dec,3.57
31-01-2026,2026Jan,3.57
28-02-2026,2026Feb,3.51
31-03-2026,2026Mar,3.59
