DATE,TIME PERIOD,EURIBOR_3MO
31-01-1994,1994Jan,6.91
28-02-1994,1994Feb,6.86
31-03-1994,1994Mar,6.75
30-04-1994,1994Apr,6.57
31-05-1994,1994May,6.24
30-06-1994,1994Jun,6.3
31-07-1994,1994Jul,6.34
31-08-1994,1994Aug,6.43
30-09-1994,1994Sep,6.38
31-10-1994,1994Oct,6.43
30-11-1994,1994Nov,6.4
31-12-1994,1994Dec,6.69
31-01-1995,1995Jan,6.66
28-02-1995,1995Feb,6.59
31-03-1995,1995Mar,7.58
30-04-1995,1995Apr,7.29
31-05-1995,1995May,7.04
30-06-1995,1995Jun,7.08
31-07-1995,1995Jul,6.92
31-08-1995,1995Aug,6.66
30-09-1995,1995Sep,6.5
31-10-1995,1995Oct,6.75
30-11-1995,1995Nov,6.45
31-12-1995,1995Dec,6.32
31-01-1996,1996Jan,5.81
29-02-1996,1996Feb,5.58
31-03-1996,1996Mar,5.5
30-04-1996,1996Apr,5.27
31-05-1996,1996May,5.06
30-06-1996,1996Jun,5.08
31-07-1996,1996Jul,5.06
31-08-1996,1996Aug,5.08
30-09-1996,1996Sep,4.86
31-10-1996,1996Oct,4.69
30-11-1996,1996Nov,4.57
31-12-1996,1996Dec,4.5
31-01-1997,1997Jan,4.39
28-02-1997,1997Feb,4.43
31-03-1997,1997Mar,4.5
30-04-1997,1997Apr,4.39
31-05-1997,1997May,4.3
30-06-1997,1997Jun,4.29
31-07-1997,1997Jul,4.3
31-08-1997,1997Aug,4.36
30-09-1997,1997Sep,4.31
31-10-1997,1997Oct,4.44
30-11-1997,1997Nov,4.49
31-12-1997,1997Dec,4.37
31-01-1998,1998Jan,4.26
28-02-1998,1998Feb,4.24
31-03-1998,1998Mar,4.11
30-04-1998,1998Apr,4.09
31-05-1998,1998May,4.06
30-06-1998,1998Jun,4.02
31-07-1998,1998Jul,3.95
31-08-1998,1998Aug,3.93
30-09-1998,1998Sep,3.93
31-10-1998,1998Oct,3.81
30-11-1998,1998Nov,3.69
31-12-1998,1998Dec,3.37
31-01-1999,1999Jan,3.1321
28-02-1999,1999Feb,3.0934
31-03-1999,1999Mar,3.0466957
30-04-1999,1999Apr,2.6964545
31-05-1999,1999May,2.5789524
30-06-1999,1999Jun,2.6266818
31-07-1999,1999Jul,2.6764545
31-08-1999,1999Aug,2.6950455
30-09-1999,1999Sep,2.7266818
31-10-1999,1999Oct,3.3756667
30-11-1999,1999Nov,3.4676818
31-12-1999,1999Dec,3.4460455
31-01-2000,2000Jan,3.3431429
29-02-2000,2000Feb,3.5367619
31-03-2000,2000Mar,3.7470435
30-04-2000,2000Apr,3.9252778
31-05-2000,2000May,4.3620455
30-06-2000,2000Jun,4.5017273
31-07-2000,2000Jul,4.5829048
31-08-2000,2000Aug,4.777087
30-09-2000,2000Sep,4.8528095
31-10-2000,2000Oct,5.0412727
30-11-2000,2000Nov,5.0919545
31-12-2000,2000Dec,4.9391579
31-01-2001,2001Jan,4.7707273
28-02-2001,2001Feb,4.7558
31-03-2001,2001Mar,4.7086364
30-04-2001,2001Apr,4.682
31-05-2001,2001May,4.6366818
30-06-2001,2001Jun,4.4535714
31-07-2001,2001Jul,4.4671364
31-08-2001,2001Aug,4.3535217
30-09-2001,2001Sep,3.98285
31-10-2001,2001Oct,3.5998696
30-11-2001,2001Nov,3.3856818
31-12-2001,2001Dec,3.3448889
31-01-2002,2002Jan,3.3387727
28-02-2002,2002Feb,3.3571
31-03-2002,2002Mar,3.3908
30-04-2002,2002Apr,3.4069048
31-05-2002,2002May,3.4671364
30-06-2002,2002Jun,3.464
31-07-2002,2002Jul,3.41
31-08-2002,2002Aug,3.3519091
30-09-2002,2002Sep,3.3101429
31-10-2002,2002Oct,3.2612609
30-11-2002,2002Nov,3.1241429
31-12-2002,2002Dec,2.94105
31-01-2003,2003Jan,2.8318182
28-02-2003,2003Feb,2.68745
31-03-2003,2003Mar,2.5299524
30-04-2003,2003Apr,2.53335
31-05-2003,2003May,2.4005238
30-06-2003,2003Jun,2.1518571
31-07-2003,2003Jul,2.1300435
31-08-2003,2003Aug,2.1404286
30-09-2003,2003Sep,2.1473182
31-10-2003,2003Oct,2.1435652
30-11-2003,2003Nov,2.15905
31-12-2003,2003Dec,2.1463333
31-01-2004,2004Jan,2.0894762
29-02-2004,2004Feb,2.07055
31-03-2004,2004Mar,2.0288261
30-04-2004,2004Apr,2.04875
31-05-2004,2004May,2.0858571
30-06-2004,2004Jun,2.1126818
31-07-2004,2004Jul,2.1160455
31-08-2004,2004Aug,2.1142727
30-09-2004,2004Sep,2.1185909
31-10-2004,2004Oct,2.1473333
30-11-2004,2004Nov,2.1703182
31-12-2004,2004Dec,2.1731739
31-01-2005,2005Jan,2.1454286
28-02-2005,2005Feb,2.13835
31-03-2005,2005Mar,2.1371905
30-04-2005,2005Apr,2.1372381
31-05-2005,2005May,2.1256364
30-06-2005,2005Jun,2.1110455
31-07-2005,2005Jul,2.1194286
31-08-2005,2005Aug,2.1324783
30-09-2005,2005Sep,2.1391364
31-10-2005,2005Oct,2.196619
30-11-2005,2005Nov,2.3608636
31-12-2005,2005Dec,2.4728571
31-01-2006,2006Jan,2.5116818
28-02-2006,2006Feb,2.60035
31-03-2006,2006Mar,2.7226087
30-04-2006,2006Apr,2.7937778
31-05-2006,2006May,2.889
30-06-2006,2006Jun,2.9856818
31-07-2006,2006Jul,3.1021905
31-08-2006,2006Aug,3.2264783
30-09-2006,2006Sep,3.335381
31-10-2006,2006Oct,3.502
30-11-2006,2006Nov,3.5971818
31-12-2006,2006Dec,3.6842105
31-01-2007,2007Jan,3.7518636
28-02-2007,2007Feb,3.8182
31-03-2007,2007Mar,3.8909091
30-04-2007,2007Apr,3.9752632
31-05-2007,2007May,4.0713636
30-06-2007,2007Jun,4.1477619
31-07-2007,2007Jul,4.2161818
31-08-2007,2007Aug,4.5436087
30-09-2007,2007Sep,4.7417
31-10-2007,2007Oct,4.6873913
30-11-2007,2007Nov,4.6385455
31-12-2007,2007Dec,4.8483684
31-01-2008,2008Jan,4.4815455
29-02-2008,2008Feb,4.3620952
31-03-2008,2008Mar,4.5963684
30-04-2008,2008Apr,4.7835
31-05-2008,2008May,4.857381
30-06-2008,2008Jun,4.9405238
31-07-2008,2008Jul,4.961
31-08-2008,2008Aug,4.9651905
30-09-2008,2008Sep,5.0191818
31-10-2008,2008Oct,5.113087
30-11-2008,2008Nov,4.2383
31-12-2008,2008Dec,3.292619
31-01-2009,2009Jan,2.4565238
28-02-2009,2009Feb,1.94305
31-03-2009,2009Mar,1.6354545
30-04-2009,2009Apr,1.4223
31-05-2009,2009May,1.2817
30-06-2009,2009Jun,1.2279091
31-07-2009,2009Jul,0.9749565
31-08-2009,2009Aug,0.8604762
30-09-2009,2009Sep,0.7720909
31-10-2009,2009Oct,0.7375
30-11-2009,2009Nov,0.7161905
31-12-2009,2009Dec,0.7120455
31-01-2010,2010Jan,0.67975
28-02-2010,2010Feb,0.6617
31-03-2010,2010Mar,0.6449565
30-04-2010,2010Apr,0.6447
31-05-2010,2010May,0.6865238
30-06-2010,2010Jun,0.7275909
31-07-2010,2010Jul,0.8488182
31-08-2010,2010Aug,0.8955
30-09-2010,2010Sep,0.8805
31-10-2010,2010Oct,0.9976667
30-11-2010,2010Nov,1.0420455
31-12-2010,2010Dec,1.0216957
31-01-2011,2011Jan,1.0172381
28-02-2011,2011Feb,1.08675
31-03-2011,2011Mar,1.1755217
30-04-2011,2011Apr,1.3212105
31-05-2011,2011May,1.4250909
30-06-2011,2011Jun,1.4885909
31-07-2011,2011Jul,1.597619
31-08-2011,2011Aug,1.552087
30-09-2011,2011Sep,1.5364545
31-10-2011,2011Oct,1.5758571
30-11-2011,2011Nov,1.4846818
31-12-2011,2011Dec,1.4260952
31-01-2012,2012Jan,1.2222273
29-02-2012,2012Feb,1.0482857
31-03-2012,2012Mar,0.8584545
30-04-2012,2012Apr,0.7443158
31-05-2012,2012May,0.6849091
30-06-2012,2012Jun,0.6588571
31-07-2012,2012Jul,0.4970455
31-08-2012,2012Aug,0.3323913
30-09-2012,2012Sep,0.2463
31-10-2012,2012Oct,0.207913
30-11-2012,2012Nov,0.192
31-12-2012,2012Dec,0.1854737
31-01-2013,2013Jan,0.2049091
28-02-2013,2013Feb,0.22335
31-03-2013,2013Mar,0.20605
30-04-2013,2013Apr,0.2089048
31-05-2013,2013May,0.2012273
30-06-2013,2013Jun,0.21025
31-07-2013,2013Jul,0.2214348
31-08-2013,2013Aug,0.2258636
30-09-2013,2013Sep,0.2232381
31-10-2013,2013Oct,0.2258261
30-11-2013,2013Nov,0.223381
31-12-2013,2013Dec,0.2735
31-01-2014,2014Jan,0.2920455
28-02-2014,2014Feb,0.2881
31-03-2014,2014Mar,0.3053333
30-04-2014,2014Apr,0.32975
31-05-2014,2014May,0.3245714
30-06-2014,2014Jun,0.2414286
31-07-2014,2014Jul,0.2050435
31-08-2014,2014Aug,0.1915714
30-09-2014,2014Sep,0.0970909
31-10-2014,2014Oct,0.0826087
30-11-2014,2014Nov,0.0809
31-12-2014,2014Dec,0.0809048
31-01-2015,2015Jan,0.0626667
28-02-2015,2015Feb,0.0482
31-03-2015,2015Mar,0.0271818
30-04-2015,2015Apr,0.0047
31-05-2015,2015May,-0.0103684
30-06-2015,2015Jun,-0.0139091
31-07-2015,2015Jul,-0.0187391
31-08-2015,2015Aug,-0.0276667
30-09-2015,2015Sep,-0.0370455
31-10-2015,2015Oct,-0.0535909
30-11-2015,2015Nov,-0.087619
31-12-2015,2015Dec,-0.1263182
31-01-2016,2016Jan,-0.14615
29-02-2016,2016Feb,-0.1835714
31-03-2016,2016Mar,-0.2285238
30-04-2016,2016Apr,-0.2491905
31-05-2016,2016May,-0.2571818
30-06-2016,2016Jun,-0.2679091
31-07-2016,2016Jul,-0.2945238
31-08-2016,2016Aug,-0.2982174
30-09-2016,2016Sep,-0.3016364
31-10-2016,2016Oct,-0.309
30-11-2016,2016Nov,-0.3126818
31-12-2016,2016Dec,-0.3157619
31-01-2017,2017Jan,-0.3255455
28-02-2017,2017Feb,-0.3286
31-03-2017,2017Mar,-0.3293478
30-04-2017,2017Apr,-0.3303889
31-05-2017,2017May,-0.3294545
30-06-2017,2017Jun,-0.33
31-07-2017,2017Jul,-0.3304286
31-08-2017,2017Aug,-0.329087
30-09-2017,2017Sep,-0.329381
31-10-2017,2017Oct,-0.3295455
30-11-2017,2017Nov,-0.329
31-12-2017,2017Dec,-0.3278947
31-01-2018,2018Jan,-0.3284545
28-02-2018,2018Feb,-0.3285
31-03-2018,2018Mar,-0.3279048
30-04-2018,2018Apr,-0.32845
31-05-2018,2018May,-0.3252273
30-06-2018,2018Jun,-0.3220476
31-07-2018,2018Jul,-0.3207273
31-08-2018,2018Aug,-0.319
30-09-2018,2018Sep,-0.31885
31-10-2018,2018Oct,-0.3176957
30-11-2018,2018Nov,-0.3163636
31-12-2018,2018Dec,-0.3118947
31-01-2019,2019Jan,-0.308
28-02-2019,2019Feb,-0.30845
31-03-2019,2019Mar,-0.3091905
30-04-2019,2019Apr,-0.31045
31-05-2019,2019May,-0.3118636
30-06-2019,2019Jun,-0.3289
31-07-2019,2019Jul,-0.3648696
31-08-2019,2019Aug,-0.4076818
30-09-2019,2019Sep,-0.4175714
31-10-2019,2019Oct,-0.4128696
30-11-2019,2019Nov,-0.4012857
31-12-2019,2019Dec,-0.3947
31-01-2020,2020Jan,-0.3911364
29-02-2020,2020Feb,-0.40885
31-03-2020,2020Mar,-0.4166364
30-04-2020,2020Apr,-0.25405
31-05-2020,2020May,-0.27195
30-06-2020,2020Jun,-0.376
31-07-2020,2020Jul,-0.4441304
31-08-2020,2020Aug,-0.4797143
30-09-2020,2020Sep,-0.4913636
31-10-2020,2020Oct,-0.5091364
30-11-2020,2020Nov,-0.5208571
31-12-2020,2020Dec,-0.5380909
31-01-2021,2021Jan,-0.54715
28-02-2021,2021Feb,-0.5411
31-03-2021,2021Mar,-0.539087
30-04-2021,2021Apr,-0.53815
31-05-2021,2021May,-0.5400952
30-06-2021,2021Jun,-0.5429091
31-07-2021,2021Jul,-0.5448182
31-08-2021,2021Aug,-0.5475909
30-09-2021,2021Sep,-0.5450455
31-10-2021,2021Oct,-0.5498095
30-11-2021,2021Nov,-0.5673636
31-12-2021,2021Dec,-0.5819565
31-01-2022,2022Jan,-0.5601429
28-02-2022,2022Feb,-0.5315
31-03-2022,2022Mar,-0.4954348
30-04-2022,2022Apr,-0.4478947
31-05-2022,2022May,-0.3857273
30-06-2022,2022Jun,-0.2392273
31-07-2022,2022Jul,0.036619
31-08-2022,2022Aug,0.3947391
30-09-2022,2022Sep,1.0108636
31-10-2022,2022Oct,1.4276667
30-11-2022,2022Nov,1.8252273
31-12-2022,2022Dec,2.0634762
31-01-2023,2023Jan,2.3448636
28-02-2023,2023Feb,2.64035
31-03-2023,2023Mar,2.9105652
30-04-2023,2023Apr,3.1794444
31-05-2023,2023May,3.3717273
30-06-2023,2023Jun,3.5358636
31-07-2023,2023Jul,3.6718095
31-08-2023,2023Aug,3.7803043
30-09-2023,2023Sep,3.8800476
31-10-2023,2023Oct,3.9676364
30-11-2023,2023Nov,3.9716364
31-12-2023,2023Dec,3.9348947
31-01-2024,2024Jan,3.9252727
29-02-2024,2024Feb,3.9231905
31-03-2024,2024Mar,3.9231
30-04-2024,2024Apr,3.8853333
31-05-2024,2024May,3.8126818
30-06-2024,2024Jun,3.7245
31-07-2024,2024Jul,3.6848261
31-08-2024,2024Aug,3.5475909
30-09-2024,2024Sep,3.4337143
31-10-2024,2024Oct,3.1666087
30-11-2024,2024Nov,3.0067619
31-12-2024,2024Dec,2.8246
31-01-2025,2025Jan,2.7042727
28-02-2025,2025Feb,2.52495
31-03-2025,2025Mar,2.4424286
30-04-2025,2025Apr,2.2494
31-05-2025,2025May,2.0872381
30-06-2025,2025Jun,1.983619
31-07-2025,2025Jul,1.9863478
31-08-2025,2025Aug,2.0210952
30-09-2025,2025Sep,2.0272727
31-10-2025,2025Oct,2.0344348
30-11-2025,2025Nov,2.04165
31-12-2025,2025Dec,2.0484286
31-01-2026,2026Jan,2.0277273
28-02-2026,2026Feb,2.0113
31-03-2026,2026Mar,2.1094091
30-04-2026,2026Apr,2.1753
