DATE,TIME PERIOD,overnight_deposits_from_households
31-01-2000,2000Jan,1.29
29-02-2000,2000Feb,1.27
31-03-2000,2000Mar,1.28
30-04-2000,2000Apr,1.3
31-05-2000,2000May,1.32
30-06-2000,2000Jun,1.39
31-07-2000,2000Jul,1.4
31-08-2000,2000Aug,1.43
30-09-2000,2000Sep,1.45
31-10-2000,2000Oct,1.48
30-11-2000,2000Nov,1.51
31-12-2000,2000Dec,1.49
31-01-2001,2001Jan,1.42
28-02-2001,2001Feb,1.44
31-03-2001,2001Mar,1.44
30-04-2001,2001Apr,1.45
31-05-2001,2001May,1.4
30-06-2001,2001Jun,1.38
31-07-2001,2001Jul,1.37
31-08-2001,2001Aug,1.38
30-09-2001,2001Sep,1.26
31-10-2001,2001Oct,1.18
30-11-2001,2001Nov,1.1
31-12-2001,2001Dec,1.07
31-01-2002,2002Jan,1.05
28-02-2002,2002Feb,1.05
31-03-2002,2002Mar,1.06
30-04-2002,2002Apr,1.06
31-05-2002,2002May,1.06
30-06-2002,2002Jun,1.04
31-07-2002,2002Jul,1.05
31-08-2002,2002Aug,1.04
30-09-2002,2002Sep,1.03
31-10-2002,2002Oct,1.01
30-11-2002,2002Nov,1.02
31-12-2002,2002Dec,0.92
31-01-2003,2003Jan,0.89
28-02-2003,2003Feb,0.91
31-03-2003,2003Mar,0.87
30-04-2003,2003Apr,0.84
31-05-2003,2003May,0.85
30-06-2003,2003Jun,0.76
31-07-2003,2003Jul,0.69
31-08-2003,2003Aug,0.68
30-09-2003,2003Sep,0.69
31-10-2003,2003Oct,0.69
30-11-2003,2003Nov,0.69
31-12-2003,2003Dec,0.7
31-01-2004,2004Jan,0.7
29-02-2004,2004Feb,0.7
31-03-2004,2004Mar,0.71
30-04-2004,2004Apr,0.7
31-05-2004,2004May,0.71
30-06-2004,2004Jun,0.7
31-07-2004,2004Jul,0.7
31-08-2004,2004Aug,0.72
30-09-2004,2004Sep,0.72
31-10-2004,2004Oct,0.72
30-11-2004,2004Nov,0.73
31-12-2004,2004Dec,0.73
31-01-2005,2005Jan,0.74
28-02-2005,2005Feb,0.74
31-03-2005,2005Mar,0.74
30-04-2005,2005Apr,0.74
31-05-2005,2005May,0.75
30-06-2005,2005Jun,0.7
31-07-2005,2005Jul,0.68
31-08-2005,2005Aug,0.68
30-09-2005,2005Sep,0.69
31-10-2005,2005Oct,0.69
30-11-2005,2005Nov,0.7
31-12-2005,2005Dec,0.71
31-01-2006,2006Jan,0.73
28-02-2006,2006Feb,0.74
31-03-2006,2006Mar,0.76
30-04-2006,2006Apr,0.79
31-05-2006,2006May,0.79
30-06-2006,2006Jun,0.81
31-07-2006,2006Jul,0.81
31-08-2006,2006Aug,0.85
30-09-2006,2006Sep,0.86
31-10-2006,2006Oct,0.9
30-11-2006,2006Nov,0.91
31-12-2006,2006Dec,0.92
31-01-2007,2007Jan,0.98
28-02-2007,2007Feb,1
31-03-2007,2007Mar,1.02
30-04-2007,2007Apr,1.04
31-05-2007,2007May,1.06
30-06-2007,2007Jun,1.08
31-07-2007,2007Jul,1.1
31-08-2007,2007Aug,1.14
30-09-2007,2007Sep,1.16
31-10-2007,2007Oct,1.17
30-11-2007,2007Nov,1.18
31-12-2007,2007Dec,1.18
31-01-2008,2008Jan,1.2
29-02-2008,2008Feb,1.21
31-03-2008,2008Mar,1.22
30-04-2008,2008Apr,1.22
31-05-2008,2008May,1.23
30-06-2008,2008Jun,1.24
31-07-2008,2008Jul,1.26
31-08-2008,2008Aug,1.29
30-09-2008,2008Sep,1.32
31-10-2008,2008Oct,1.34
30-11-2008,2008Nov,1.29
31-12-2008,2008Dec,1.16
31-01-2009,2009Jan,1.02
28-02-2009,2009Feb,0.9
31-03-2009,2009Mar,0.8
30-04-2009,2009Apr,0.66
31-05-2009,2009May,0.61
30-06-2009,2009Jun,0.56
31-07-2009,2009Jul,0.52
31-08-2009,2009Aug,0.5
30-09-2009,2009Sep,0.49
31-10-2009,2009Oct,0.46
30-11-2009,2009Nov,0.46
31-12-2009,2009Dec,0.45
31-01-2010,2010Jan,0.43
28-02-2010,2010Feb,0.42
31-03-2010,2010Mar,0.42
30-04-2010,2010Apr,0.41
31-05-2010,2010May,0.4
30-06-2010,2010Jun,0.42
31-07-2010,2010Jul,0.41
31-08-2010,2010Aug,0.42
30-09-2010,2010Sep,0.42
31-10-2010,2010Oct,0.42
30-11-2010,2010Nov,0.42
31-12-2010,2010Dec,0.41
31-01-2011,2011Jan,0.42
28-02-2011,2011Feb,0.43
31-03-2011,2011Mar,0.44
30-04-2011,2011Apr,0.45
31-05-2011,2011May,0.47
30-06-2011,2011Jun,0.48
31-07-2011,2011Jul,0.5
31-08-2011,2011Aug,0.52
30-09-2011,2011Sep,0.53
31-10-2011,2011Oct,0.54
30-11-2011,2011Nov,0.53
31-12-2011,2011Dec,0.52
31-01-2012,2012Jan,0.51
29-02-2012,2012Feb,0.5
31-03-2012,2012Mar,0.49
30-04-2012,2012Apr,0.47
31-05-2012,2012May,0.46
30-06-2012,2012Jun,0.45
31-07-2012,2012Jul,0.43
31-08-2012,2012Aug,0.41
30-09-2012,2012Sep,0.4
31-10-2012,2012Oct,0.39
30-11-2012,2012Nov,0.38
31-12-2012,2012Dec,0.37
31-01-2013,2013Jan,0.35
28-02-2013,2013Feb,0.34
31-03-2013,2013Mar,0.34
30-04-2013,2013Apr,0.33
31-05-2013,2013May,0.32
30-06-2013,2013Jun,0.3
31-07-2013,2013Jul,0.29
31-08-2013,2013Aug,0.29
30-09-2013,2013Sep,0.28
31-10-2013,2013Oct,0.28
30-11-2013,2013Nov,0.27
31-12-2013,2013Dec,0.27
31-01-2014,2014Jan,0.26
28-02-2014,2014Feb,0.26
31-03-2014,2014Mar,0.26
30-04-2014,2014Apr,0.26
31-05-2014,2014May,0.26
30-06-2014,2014Jun,0.25
31-07-2014,2014Jul,0.23
31-08-2014,2014Aug,0.22
30-09-2014,2014Sep,0.21
31-10-2014,2014Oct,0.2
30-11-2014,2014Nov,0.2
31-12-2014,2014Dec,0.2
31-01-2015,2015Jan,0.19
28-02-2015,2015Feb,0.18
31-03-2015,2015Mar,0.17
30-04-2015,2015Apr,0.16
31-05-2015,2015May,0.16
30-06-2015,2015Jun,0.15
31-07-2015,2015Jul,0.15
31-08-2015,2015Aug,0.14
30-09-2015,2015Sep,0.14
31-10-2015,2015Oct,0.14
30-11-2015,2015Nov,0.14
31-12-2015,2015Dec,0.13
31-01-2016,2016Jan,0.12
29-02-2016,2016Feb,0.12
31-03-2016,2016Mar,0.11
30-04-2016,2016Apr,0.11
31-05-2016,2016May,0.1
30-06-2016,2016Jun,0.09
31-07-2016,2016Jul,0.09
31-08-2016,2016Aug,0.08
30-09-2016,2016Sep,0.08
31-10-2016,2016Oct,0.08
30-11-2016,2016Nov,0.08
31-12-2016,2016Dec,0.07
31-01-2017,2017Jan,0.07
28-02-2017,2017Feb,0.06
31-03-2017,2017Mar,0.06
30-04-2017,2017Apr,0.06
31-05-2017,2017May,0.05
30-06-2017,2017Jun,0.05
31-07-2017,2017Jul,0.05
31-08-2017,2017Aug,0.05
30-09-2017,2017Sep,0.05
31-10-2017,2017Oct,0.05
30-11-2017,2017Nov,0.04
31-12-2017,2017Dec,0.05
31-01-2018,2018Jan,0.04
28-02-2018,2018Feb,0.04
31-03-2018,2018Mar,0.04
30-04-2018,2018Apr,0.04
31-05-2018,2018May,0.04
30-06-2018,2018Jun,0.03
31-07-2018,2018Jul,0.03
31-08-2018,2018Aug,0.03
30-09-2018,2018Sep,0.03
31-10-2018,2018Oct,0.03
30-11-2018,2018Nov,0.04
31-12-2018,2018Dec,0.03
31-01-2019,2019Jan,0.03
28-02-2019,2019Feb,0.03
31-03-2019,2019Mar,0.03
30-04-2019,2019Apr,0.03
31-05-2019,2019May,0.03
30-06-2019,2019Jun,0.03
31-07-2019,2019Jul,0.03
31-08-2019,2019Aug,0.03
30-09-2019,2019Sep,0.03
31-10-2019,2019Oct,0.03
30-11-2019,2019Nov,0.03
31-12-2019,2019Dec,0.03
31-01-2020,2020Jan,0.02
29-02-2020,2020Feb,0.02
31-03-2020,2020Mar,0.02
30-04-2020,2020Apr,0.02
31-05-2020,2020May,0.02
30-06-2020,2020Jun,0.02
31-07-2020,2020Jul,0.02
31-08-2020,2020Aug,0.02
30-09-2020,2020Sep,0.02
31-10-2020,2020Oct,0.02
30-11-2020,2020Nov,0.02
31-12-2020,2020Dec,0.01
31-01-2021,2021Jan,0.01
28-02-2021,2021Feb,0.01
31-03-2021,2021Mar,0.01
30-04-2021,2021Apr,0.01
31-05-2021,2021May,0.01
30-06-2021,2021Jun,0.01
31-07-2021,2021Jul,0.01
31-08-2021,2021Aug,0.01
30-09-2021,2021Sep,0.01
31-10-2021,2021Oct,0.01
30-11-2021,2021Nov,0.01
31-12-2021,2021Dec,0.01
31-01-2022,2022Jan,0.01
28-02-2022,2022Feb,0.01
31-03-2022,2022Mar,0.01
30-04-2022,2022Apr,0.01
31-05-2022,2022May,0
30-06-2022,2022Jun,0
31-07-2022,2022Jul,0.01
31-08-2022,2022Aug,0.01
30-09-2022,2022Sep,0.02
31-10-2022,2022Oct,0.03
30-11-2022,2022Nov,0.04
31-12-2022,2022Dec,0.07
31-01-2023,2023Jan,0.09
28-02-2023,2023Feb,0.11
31-03-2023,2023Mar,0.14
30-04-2023,2023Apr,0.17
31-05-2023,2023May,0.21
30-06-2023,2023Jun,0.23
31-07-2023,2023Jul,0.27
31-08-2023,2023Aug,0.31
30-09-2023,2023Sep,0.33
31-10-2023,2023Oct,0.35
30-11-2023,2023Nov,0.36
31-12-2023,2023Dec,0.37
31-01-2024,2024Jan,0.39
29-02-2024,2024Feb,0.38
31-03-2024,2024Mar,0.39
30-04-2024,2024Apr,0.39
31-05-2024,2024May,0.39
30-06-2024,2024Jun,0.38
31-07-2024,2024Jul,0.38
31-08-2024,2024Aug,0.38
30-09-2024,2024Sep,0.37
31-10-2024,2024Oct,0.36
30-11-2024,2024Nov,0.35
31-12-2024,2024Dec,0.35
31-01-2025,2025Jan,0.34
28-02-2025,2025Feb,0.32
31-03-2025,2025Mar,0.31
30-04-2025,2025Apr,0.29
31-05-2025,2025May,0.29
30-06-2025,2025Jun,0.27
31-07-2025,2025Jul,0.25
31-08-2025,2025Aug,0.25
30-09-2025,2025Sep,0.25
31-10-2025,2025Oct,0.25
30-11-2025,2025Nov,0.25
31-12-2025,2025Dec,0.25
31-01-2026,2026Jan,0.25
28-02-2026,2026Feb,0.25
31-03-2026,2026Mar,0.26
