DATAFLOW,LAST UPDATE,freq,unit,coicop18,geo,TIME_PERIOD,DATE,OBS_VALUE,OBS_FLAG,CONF_STATUS
ESTAT:PRC_HICP_MINR(1.0),20/05/26 11:00:00,Monthly,"Index, 2025=100",Total,European Union - 27 countries (from 2020),2003-01,01-01-2003,59.19,,
ESTAT:PRC_HICP_MINR(1.0),20/05/26 11:00:00,Monthly,"Index, 2025=100",Total,European Union - 27 countries (from 2020),2003-02,01-02-2003,59.43,,
ESTAT:PRC_HICP_MINR(1.0),20/05/26 11:00:00,Monthly,"Index, 2025=100",Total,European Union - 27 countries (from 2020),2003-03,01-03-2003,59.77,,
ESTAT:PRC_HICP_MINR(1.0),20/05/26 11:00:00,Monthly,"Index, 2025=100",Total,European Union - 27 countries (from 2020),2003-04,01-04-2003,59.87,,
ESTAT:PRC_HICP_MINR(1.0),20/05/26 11:00:00,Monthly,"Index, 2025=100",Total,European Union - 27 countries (from 2020),2003-05,01-05-2003,59.83,,
ESTAT:PRC_HICP_MINR(1.0),20/05/26 11:00:00,Monthly,"Index, 2025=100",Total,European Union - 27 countries (from 2020),2003-06,01-06-2003,59.9,,
ESTAT:PRC_HICP_MINR(1.0),20/05/26 11:00:00,Monthly,"Index, 2025=100",Total,European Union - 27 countries (from 2020),2003-07,01-07-2003,59.82,,
ESTAT:PRC_HICP_MINR(1.0),20/05/26 11:00:00,Monthly,"Index, 2025=100",Total,European Union - 27 countries (from 2020),2003-08,01-08-2003,59.89,,
ESTAT:PRC_HICP_MINR(1.0),20/05/26 11:00:00,Monthly,"Index, 2025=100",Total,European Union - 27 countries (from 2020),2003-09,01-09-2003,60.12,,
ESTAT:PRC_HICP_MINR(1.0),20/05/26 11:00:00,Monthly,"Index, 2025=100",Total,European Union - 27 countries (from 2020),2003-10,01-10-2003,60.24,,
ESTAT:PRC_HICP_MINR(1.0),20/05/26 11:00:00,Monthly,"Index, 2025=100",Total,European Union - 27 countries (from 2020),2003-11,01-11-2003,60.3,,
ESTAT:PRC_HICP_MINR(1.0),20/05/26 11:00:00,Monthly,"Index, 2025=100",Total,European Union - 27 countries (from 2020),2003-12,01-12-2003,60.48,,
ESTAT:PRC_HICP_MINR(1.0),20/05/26 11:00:00,Monthly,"Index, 2025=100",Total,European Union - 27 countries (from 2020),2004-01,01-01-2004,60.44,,
ESTAT:PRC_HICP_MINR(1.0),20/05/26 11:00:00,Monthly,"Index, 2025=100",Total,European Union - 27 countries (from 2020),2004-02,01-02-2004,60.59,,
ESTAT:PRC_HICP_MINR(1.0),20/05/26 11:00:00,Monthly,"Index, 2025=100",Total,European Union - 27 countries (from 2020),2004-03,01-03-2004,60.95,,
ESTAT:PRC_HICP_MINR(1.0),20/05/26 11:00:00,Monthly,"Index, 2025=100",Total,European Union - 27 countries (from 2020),2004-04,01-04-2004,61.26,,
ESTAT:PRC_HICP_MINR(1.0),20/05/26 11:00:00,Monthly,"Index, 2025=100",Total,European Union - 27 countries (from 2020),2004-05,01-05-2004,61.49,,
ESTAT:PRC_HICP_MINR(1.0),20/05/26 11:00:00,Monthly,"Index, 2025=100",Total,European Union - 27 countries (from 2020),2004-06,01-06-2004,61.53,,
ESTAT:PRC_HICP_MINR(1.0),20/05/26 11:00:00,Monthly,"Index, 2025=100",Total,European Union - 27 countries (from 2020),2004-07,01-07-2004,61.43,,
ESTAT:PRC_HICP_MINR(1.0),20/05/26 11:00:00,Monthly,"Index, 2025=100",Total,European Union - 27 countries (from 2020),2004-08,01-08-2004,61.52,,
ESTAT:PRC_HICP_MINR(1.0),20/05/26 11:00:00,Monthly,"Index, 2025=100",Total,European Union - 27 countries (from 2020),2004-09,01-09-2004,61.61,,
ESTAT:PRC_HICP_MINR(1.0),20/05/26 11:00:00,Monthly,"Index, 2025=100",Total,European Union - 27 countries (from 2020),2004-10,01-10-2004,61.87,,
ESTAT:PRC_HICP_MINR(1.0),20/05/26 11:00:00,Monthly,"Index, 2025=100",Total,European Union - 27 countries (from 2020),2004-11,01-11-2004,61.84,,
ESTAT:PRC_HICP_MINR(1.0),20/05/26 11:00:00,Monthly,"Index, 2025=100",Total,European Union - 27 countries (from 2020),2004-12,01-12-2004,62.04,,
ESTAT:PRC_HICP_MINR(1.0),20/05/26 11:00:00,Monthly,"Index, 2025=100",Total,European Union - 27 countries (from 2020),2005-01,01-01-2005,61.74,,
ESTAT:PRC_HICP_MINR(1.0),20/05/26 11:00:00,Monthly,"Index, 2025=100",Total,European Union - 27 countries (from 2020),2005-02,01-02-2005,61.96,,
ESTAT:PRC_HICP_MINR(1.0),20/05/26 11:00:00,Monthly,"Index, 2025=100",Total,European Union - 27 countries (from 2020),2005-03,01-03-2005,62.38,,
ESTAT:PRC_HICP_MINR(1.0),20/05/26 11:00:00,Monthly,"Index, 2025=100",Total,European Union - 27 countries (from 2020),2005-04,01-04-2005,62.66,,
ESTAT:PRC_HICP_MINR(1.0),20/05/26 11:00:00,Monthly,"Index, 2025=100",Total,European Union - 27 countries (from 2020),2005-05,01-05-2005,62.79,,
ESTAT:PRC_HICP_MINR(1.0),20/05/26 11:00:00,Monthly,"Index, 2025=100",Total,European Union - 27 countries (from 2020),2005-06,01-06-2005,62.86,,
ESTAT:PRC_HICP_MINR(1.0),20/05/26 11:00:00,Monthly,"Index, 2025=100",Total,European Union - 27 countries (from 2020),2005-07,01-07-2005,62.82,,
ESTAT:PRC_HICP_MINR(1.0),20/05/26 11:00:00,Monthly,"Index, 2025=100",Total,European Union - 27 countries (from 2020),2005-08,01-08-2005,62.95,,
ESTAT:PRC_HICP_MINR(1.0),20/05/26 11:00:00,Monthly,"Index, 2025=100",Total,European Union - 27 countries (from 2020),2005-09,01-09-2005,63.27,,
ESTAT:PRC_HICP_MINR(1.0),20/05/26 11:00:00,Monthly,"Index, 2025=100",Total,European Union - 27 countries (from 2020),2005-10,01-10-2005,63.45,,
ESTAT:PRC_HICP_MINR(1.0),20/05/26 11:00:00,Monthly,"Index, 2025=100",Total,European Union - 27 countries (from 2020),2005-11,01-11-2005,63.34,,
ESTAT:PRC_HICP_MINR(1.0),20/05/26 11:00:00,Monthly,"Index, 2025=100",Total,European Union - 27 countries (from 2020),2005-12,01-12-2005,63.52,,
ESTAT:PRC_HICP_MINR(1.0),20/05/26 11:00:00,Monthly,"Index, 2025=100",Total,European Union - 27 countries (from 2020),2006-01,01-01-2006,63.3,,
ESTAT:PRC_HICP_MINR(1.0),20/05/26 11:00:00,Monthly,"Index, 2025=100",Total,European Union - 27 countries (from 2020),2006-02,01-02-2006,63.49,,
ESTAT:PRC_HICP_MINR(1.0),20/05/26 11:00:00,Monthly,"Index, 2025=100",Total,European Union - 27 countries (from 2020),2006-03,01-03-2006,63.82,,
ESTAT:PRC_HICP_MINR(1.0),20/05/26 11:00:00,Monthly,"Index, 2025=100",Total,European Union - 27 countries (from 2020),2006-04,01-04-2006,64.24,,
ESTAT:PRC_HICP_MINR(1.0),20/05/26 11:00:00,Monthly,"Index, 2025=100",Total,European Union - 27 countries (from 2020),2006-05,01-05-2006,64.44,,
ESTAT:PRC_HICP_MINR(1.0),20/05/26 11:00:00,Monthly,"Index, 2025=100",Total,European Union - 27 countries (from 2020),2006-06,01-06-2006,64.48,,
ESTAT:PRC_HICP_MINR(1.0),20/05/26 11:00:00,Monthly,"Index, 2025=100",Total,European Union - 27 countries (from 2020),2006-07,01-07-2006,64.41,,
ESTAT:PRC_HICP_MINR(1.0),20/05/26 11:00:00,Monthly,"Index, 2025=100",Total,European Union - 27 countries (from 2020),2006-08,01-08-2006,64.48,,
ESTAT:PRC_HICP_MINR(1.0),20/05/26 11:00:00,Monthly,"Index, 2025=100",Total,European Union - 27 countries (from 2020),2006-09,01-09-2006,64.5,,
ESTAT:PRC_HICP_MINR(1.0),20/05/26 11:00:00,Monthly,"Index, 2025=100",Total,European Union - 27 countries (from 2020),2006-10,01-10-2006,64.55,,
ESTAT:PRC_HICP_MINR(1.0),20/05/26 11:00:00,Monthly,"Index, 2025=100",Total,European Union - 27 countries (from 2020),2006-11,01-11-2006,64.6,,
ESTAT:PRC_HICP_MINR(1.0),20/05/26 11:00:00,Monthly,"Index, 2025=100",Total,European Union - 27 countries (from 2020),2006-12,01-12-2006,64.82,,
ESTAT:PRC_HICP_MINR(1.0),20/05/26 11:00:00,Monthly,"Index, 2025=100",Total,European Union - 27 countries (from 2020),2007-01,01-01-2007,64.58,,
ESTAT:PRC_HICP_MINR(1.0),20/05/26 11:00:00,Monthly,"Index, 2025=100",Total,European Union - 27 countries (from 2020),2007-02,01-02-2007,64.78,,
ESTAT:PRC_HICP_MINR(1.0),20/05/26 11:00:00,Monthly,"Index, 2025=100",Total,European Union - 27 countries (from 2020),2007-03,01-03-2007,65.19,,
ESTAT:PRC_HICP_MINR(1.0),20/05/26 11:00:00,Monthly,"Index, 2025=100",Total,European Union - 27 countries (from 2020),2007-04,01-04-2007,65.6,,
ESTAT:PRC_HICP_MINR(1.0),20/05/26 11:00:00,Monthly,"Index, 2025=100",Total,European Union - 27 countries (from 2020),2007-05,01-05-2007,65.77,,
ESTAT:PRC_HICP_MINR(1.0),20/05/26 11:00:00,Monthly,"Index, 2025=100",Total,European Union - 27 countries (from 2020),2007-06,01-06-2007,65.84,,
ESTAT:PRC_HICP_MINR(1.0),20/05/26 11:00:00,Monthly,"Index, 2025=100",Total,European Union - 27 countries (from 2020),2007-07,01-07-2007,65.71,,
ESTAT:PRC_HICP_MINR(1.0),20/05/26 11:00:00,Monthly,"Index, 2025=100",Total,European Union - 27 countries (from 2020),2007-08,01-08-2007,65.77,,
ESTAT:PRC_HICP_MINR(1.0),20/05/26 11:00:00,Monthly,"Index, 2025=100",Total,European Union - 27 countries (from 2020),2007-09,01-09-2007,66.05,,
ESTAT:PRC_HICP_MINR(1.0),20/05/26 11:00:00,Monthly,"Index, 2025=100",Total,European Union - 27 countries (from 2020),2007-10,01-10-2007,66.39,,
ESTAT:PRC_HICP_MINR(1.0),20/05/26 11:00:00,Monthly,"Index, 2025=100",Total,European Union - 27 countries (from 2020),2007-11,01-11-2007,66.77,,
ESTAT:PRC_HICP_MINR(1.0),20/05/26 11:00:00,Monthly,"Index, 2025=100",Total,European Union - 27 countries (from 2020),2007-12,01-12-2007,67.03,,
ESTAT:PRC_HICP_MINR(1.0),20/05/26 11:00:00,Monthly,"Index, 2025=100",Total,European Union - 27 countries (from 2020),2008-01,01-01-2008,66.94,,
ESTAT:PRC_HICP_MINR(1.0),20/05/26 11:00:00,Monthly,"Index, 2025=100",Total,European Union - 27 countries (from 2020),2008-02,01-02-2008,67.19,,
ESTAT:PRC_HICP_MINR(1.0),20/05/26 11:00:00,Monthly,"Index, 2025=100",Total,European Union - 27 countries (from 2020),2008-03,01-03-2008,67.8,,
ESTAT:PRC_HICP_MINR(1.0),20/05/26 11:00:00,Monthly,"Index, 2025=100",Total,European Union - 27 countries (from 2020),2008-04,01-04-2008,68.04,,
ESTAT:PRC_HICP_MINR(1.0),20/05/26 11:00:00,Monthly,"Index, 2025=100",Total,European Union - 27 countries (from 2020),2008-05,01-05-2008,68.46,,
ESTAT:PRC_HICP_MINR(1.0),20/05/26 11:00:00,Monthly,"Index, 2025=100",Total,European Union - 27 countries (from 2020),2008-06,01-06-2008,68.72,,
ESTAT:PRC_HICP_MINR(1.0),20/05/26 11:00:00,Monthly,"Index, 2025=100",Total,European Union - 27 countries (from 2020),2008-07,01-07-2008,68.65,,
ESTAT:PRC_HICP_MINR(1.0),20/05/26 11:00:00,Monthly,"Index, 2025=100",Total,European Union - 27 countries (from 2020),2008-08,01-08-2008,68.55,,
ESTAT:PRC_HICP_MINR(1.0),20/05/26 11:00:00,Monthly,"Index, 2025=100",Total,European Union - 27 countries (from 2020),2008-09,01-09-2008,68.71,,
ESTAT:PRC_HICP_MINR(1.0),20/05/26 11:00:00,Monthly,"Index, 2025=100",Total,European Union - 27 countries (from 2020),2008-10,01-10-2008,68.76,,
ESTAT:PRC_HICP_MINR(1.0),20/05/26 11:00:00,Monthly,"Index, 2025=100",Total,European Union - 27 countries (from 2020),2008-11,01-11-2008,68.47,,
ESTAT:PRC_HICP_MINR(1.0),20/05/26 11:00:00,Monthly,"Index, 2025=100",Total,European Union - 27 countries (from 2020),2008-12,01-12-2008,68.38,,
ESTAT:PRC_HICP_MINR(1.0),20/05/26 11:00:00,Monthly,"Index, 2025=100",Total,European Union - 27 countries (from 2020),2009-01,01-01-2009,67.98,,
ESTAT:PRC_HICP_MINR(1.0),20/05/26 11:00:00,Monthly,"Index, 2025=100",Total,European Union - 27 countries (from 2020),2009-02,01-02-2009,68.29,,
ESTAT:PRC_HICP_MINR(1.0),20/05/26 11:00:00,Monthly,"Index, 2025=100",Total,European Union - 27 countries (from 2020),2009-03,01-03-2009,68.56,,
ESTAT:PRC_HICP_MINR(1.0),20/05/26 11:00:00,Monthly,"Index, 2025=100",Total,European Union - 27 countries (from 2020),2009-04,01-04-2009,68.8,,
ESTAT:PRC_HICP_MINR(1.0),20/05/26 11:00:00,Monthly,"Index, 2025=100",Total,European Union - 27 countries (from 2020),2009-05,01-05-2009,68.88,,
ESTAT:PRC_HICP_MINR(1.0),20/05/26 11:00:00,Monthly,"Index, 2025=100",Total,European Union - 27 countries (from 2020),2009-06,01-06-2009,69.01,,
ESTAT:PRC_HICP_MINR(1.0),20/05/26 11:00:00,Monthly,"Index, 2025=100",Total,European Union - 27 countries (from 2020),2009-07,01-07-2009,68.64,,
ESTAT:PRC_HICP_MINR(1.0),20/05/26 11:00:00,Monthly,"Index, 2025=100",Total,European Union - 27 countries (from 2020),2009-08,01-08-2009,68.81,,
ESTAT:PRC_HICP_MINR(1.0),20/05/26 11:00:00,Monthly,"Index, 2025=100",Total,European Union - 27 countries (from 2020),2009-09,01-09-2009,68.83,,
ESTAT:PRC_HICP_MINR(1.0),20/05/26 11:00:00,Monthly,"Index, 2025=100",Total,European Union - 27 countries (from 2020),2009-10,01-10-2009,68.97,,
ESTAT:PRC_HICP_MINR(1.0),20/05/26 11:00:00,Monthly,"Index, 2025=100",Total,European Union - 27 countries (from 2020),2009-11,01-11-2009,69.07,,
ESTAT:PRC_HICP_MINR(1.0),20/05/26 11:00:00,Monthly,"Index, 2025=100",Total,European Union - 27 countries (from 2020),2009-12,01-12-2009,69.25,,
ESTAT:PRC_HICP_MINR(1.0),20/05/26 11:00:00,Monthly,"Index, 2025=100",Total,European Union - 27 countries (from 2020),2010-01,01-01-2010,68.87,,
ESTAT:PRC_HICP_MINR(1.0),20/05/26 11:00:00,Monthly,"Index, 2025=100",Total,European Union - 27 countries (from 2020),2010-02,01-02-2010,69.09,,
ESTAT:PRC_HICP_MINR(1.0),20/05/26 11:00:00,Monthly,"Index, 2025=100",Total,European Union - 27 countries (from 2020),2010-03,01-03-2010,69.76,,
ESTAT:PRC_HICP_MINR(1.0),20/05/26 11:00:00,Monthly,"Index, 2025=100",Total,European Union - 27 countries (from 2020),2010-04,01-04-2010,70.04,,
ESTAT:PRC_HICP_MINR(1.0),20/05/26 11:00:00,Monthly,"Index, 2025=100",Total,European Union - 27 countries (from 2020),2010-05,01-05-2010,70.14,,
ESTAT:PRC_HICP_MINR(1.0),20/05/26 11:00:00,Monthly,"Index, 2025=100",Total,European Union - 27 countries (from 2020),2010-06,01-06-2010,70.15,,
ESTAT:PRC_HICP_MINR(1.0),20/05/26 11:00:00,Monthly,"Index, 2025=100",Total,European Union - 27 countries (from 2020),2010-07,01-07-2010,69.95,,
ESTAT:PRC_HICP_MINR(1.0),20/05/26 11:00:00,Monthly,"Index, 2025=100",Total,European Union - 27 countries (from 2020),2010-08,01-08-2010,70.04,,
ESTAT:PRC_HICP_MINR(1.0),20/05/26 11:00:00,Monthly,"Index, 2025=100",Total,European Union - 27 countries (from 2020),2010-09,01-09-2010,70.27,,
ESTAT:PRC_HICP_MINR(1.0),20/05/26 11:00:00,Monthly,"Index, 2025=100",Total,European Union - 27 countries (from 2020),2010-10,01-10-2010,70.47,,
ESTAT:PRC_HICP_MINR(1.0),20/05/26 11:00:00,Monthly,"Index, 2025=100",Total,European Union - 27 countries (from 2020),2010-11,01-11-2010,70.56,,
ESTAT:PRC_HICP_MINR(1.0),20/05/26 11:00:00,Monthly,"Index, 2025=100",Total,European Union - 27 countries (from 2020),2010-12,01-12-2010,70.96,,
ESTAT:PRC_HICP_MINR(1.0),20/05/26 11:00:00,Monthly,"Index, 2025=100",Total,European Union - 27 countries (from 2020),2011-01,01-01-2011,70.61,,
ESTAT:PRC_HICP_MINR(1.0),20/05/26 11:00:00,Monthly,"Index, 2025=100",Total,European Union - 27 countries (from 2020),2011-02,01-02-2011,70.9,,
ESTAT:PRC_HICP_MINR(1.0),20/05/26 11:00:00,Monthly,"Index, 2025=100",Total,European Union - 27 countries (from 2020),2011-03,01-03-2011,71.78,,
ESTAT:PRC_HICP_MINR(1.0),20/05/26 11:00:00,Monthly,"Index, 2025=100",Total,European Union - 27 countries (from 2020),2011-04,01-04-2011,72.17,,
ESTAT:PRC_HICP_MINR(1.0),20/05/26 11:00:00,Monthly,"Index, 2025=100",Total,European Union - 27 countries (from 2020),2011-05,01-05-2011,72.21,,
ESTAT:PRC_HICP_MINR(1.0),20/05/26 11:00:00,Monthly,"Index, 2025=100",Total,European Union - 27 countries (from 2020),2011-06,01-06-2011,72.18,,
ESTAT:PRC_HICP_MINR(1.0),20/05/26 11:00:00,Monthly,"Index, 2025=100",Total,European Union - 27 countries (from 2020),2011-07,01-07-2011,71.82,,
ESTAT:PRC_HICP_MINR(1.0),20/05/26 11:00:00,Monthly,"Index, 2025=100",Total,European Union - 27 countries (from 2020),2011-08,01-08-2011,71.91,,
ESTAT:PRC_HICP_MINR(1.0),20/05/26 11:00:00,Monthly,"Index, 2025=100",Total,European Union - 27 countries (from 2020),2011-09,01-09-2011,72.37,,
ESTAT:PRC_HICP_MINR(1.0),20/05/26 11:00:00,Monthly,"Index, 2025=100",Total,European Union - 27 countries (from 2020),2011-10,01-10-2011,72.63,,
ESTAT:PRC_HICP_MINR(1.0),20/05/26 11:00:00,Monthly,"Index, 2025=100",Total,European Union - 27 countries (from 2020),2011-11,01-11-2011,72.73,,
ESTAT:PRC_HICP_MINR(1.0),20/05/26 11:00:00,Monthly,"Index, 2025=100",Total,European Union - 27 countries (from 2020),2011-12,01-12-2011,72.97,,
ESTAT:PRC_HICP_MINR(1.0),20/05/26 11:00:00,Monthly,"Index, 2025=100",Total,European Union - 27 countries (from 2020),2012-01,01-01-2012,72.55,,
ESTAT:PRC_HICP_MINR(1.0),20/05/26 11:00:00,Monthly,"Index, 2025=100",Total,European Union - 27 countries (from 2020),2012-02,01-02-2012,72.92,,
ESTAT:PRC_HICP_MINR(1.0),20/05/26 11:00:00,Monthly,"Index, 2025=100",Total,European Union - 27 countries (from 2020),2012-03,01-03-2012,73.77,,
ESTAT:PRC_HICP_MINR(1.0),20/05/26 11:00:00,Monthly,"Index, 2025=100",Total,European Union - 27 countries (from 2020),2012-04,01-04-2012,74.1,,
ESTAT:PRC_HICP_MINR(1.0),20/05/26 11:00:00,Monthly,"Index, 2025=100",Total,European Union - 27 countries (from 2020),2012-05,01-05-2012,74.03,,
ESTAT:PRC_HICP_MINR(1.0),20/05/26 11:00:00,Monthly,"Index, 2025=100",Total,European Union - 27 countries (from 2020),2012-06,01-06-2012,73.99,,
ESTAT:PRC_HICP_MINR(1.0),20/05/26 11:00:00,Monthly,"Index, 2025=100",Total,European Union - 27 countries (from 2020),2012-07,01-07-2012,73.64,,
ESTAT:PRC_HICP_MINR(1.0),20/05/26 11:00:00,Monthly,"Index, 2025=100",Total,European Union - 27 countries (from 2020),2012-08,01-08-2012,73.89,,
ESTAT:PRC_HICP_MINR(1.0),20/05/26 11:00:00,Monthly,"Index, 2025=100",Total,European Union - 27 countries (from 2020),2012-09,01-09-2012,74.38,,
ESTAT:PRC_HICP_MINR(1.0),20/05/26 11:00:00,Monthly,"Index, 2025=100",Total,European Union - 27 countries (from 2020),2012-10,01-10-2012,74.55,,
ESTAT:PRC_HICP_MINR(1.0),20/05/26 11:00:00,Monthly,"Index, 2025=100",Total,European Union - 27 countries (from 2020),2012-11,01-11-2012,74.41,,
ESTAT:PRC_HICP_MINR(1.0),20/05/26 11:00:00,Monthly,"Index, 2025=100",Total,European Union - 27 countries (from 2020),2012-12,01-12-2012,74.64,,
ESTAT:PRC_HICP_MINR(1.0),20/05/26 11:00:00,Monthly,"Index, 2025=100",Total,European Union - 27 countries (from 2020),2013-01,01-01-2013,74.01,,
ESTAT:PRC_HICP_MINR(1.0),20/05/26 11:00:00,Monthly,"Index, 2025=100",Total,European Union - 27 countries (from 2020),2013-02,01-02-2013,74.28,,
ESTAT:PRC_HICP_MINR(1.0),20/05/26 11:00:00,Monthly,"Index, 2025=100",Total,European Union - 27 countries (from 2020),2013-03,01-03-2013,75.03,,
ESTAT:PRC_HICP_MINR(1.0),20/05/26 11:00:00,Monthly,"Index, 2025=100",Total,European Union - 27 countries (from 2020),2013-04,01-04-2013,74.99,,
ESTAT:PRC_HICP_MINR(1.0),20/05/26 11:00:00,Monthly,"Index, 2025=100",Total,European Union - 27 countries (from 2020),2013-05,01-05-2013,75.06,,
ESTAT:PRC_HICP_MINR(1.0),20/05/26 11:00:00,Monthly,"Index, 2025=100",Total,European Union - 27 countries (from 2020),2013-06,01-06-2013,75.13,,
ESTAT:PRC_HICP_MINR(1.0),20/05/26 11:00:00,Monthly,"Index, 2025=100",Total,European Union - 27 countries (from 2020),2013-07,01-07-2013,74.78,,
ESTAT:PRC_HICP_MINR(1.0),20/05/26 11:00:00,Monthly,"Index, 2025=100",Total,European Union - 27 countries (from 2020),2013-08,01-08-2013,74.84,,
ESTAT:PRC_HICP_MINR(1.0),20/05/26 11:00:00,Monthly,"Index, 2025=100",Total,European Union - 27 countries (from 2020),2013-09,01-09-2013,75.15,,
ESTAT:PRC_HICP_MINR(1.0),20/05/26 11:00:00,Monthly,"Index, 2025=100",Total,European Union - 27 countries (from 2020),2013-10,01-10-2013,75.08,,
ESTAT:PRC_HICP_MINR(1.0),20/05/26 11:00:00,Monthly,"Index, 2025=100",Total,European Union - 27 countries (from 2020),2013-11,01-11-2013,75,,
ESTAT:PRC_HICP_MINR(1.0),20/05/26 11:00:00,Monthly,"Index, 2025=100",Total,European Union - 27 countries (from 2020),2013-12,01-12-2013,75.25,,
ESTAT:PRC_HICP_MINR(1.0),20/05/26 11:00:00,Monthly,"Index, 2025=100",Total,European Union - 27 countries (from 2020),2014-01,01-01-2014,74.55,,
ESTAT:PRC_HICP_MINR(1.0),20/05/26 11:00:00,Monthly,"Index, 2025=100",Total,European Union - 27 countries (from 2020),2014-02,01-02-2014,74.77,,
ESTAT:PRC_HICP_MINR(1.0),20/05/26 11:00:00,Monthly,"Index, 2025=100",Total,European Union - 27 countries (from 2020),2014-03,01-03-2014,75.36,,
ESTAT:PRC_HICP_MINR(1.0),20/05/26 11:00:00,Monthly,"Index, 2025=100",Total,European Union - 27 countries (from 2020),2014-04,01-04-2014,75.48,,
ESTAT:PRC_HICP_MINR(1.0),20/05/26 11:00:00,Monthly,"Index, 2025=100",Total,European Union - 27 countries (from 2020),2014-05,01-05-2014,75.4,,
ESTAT:PRC_HICP_MINR(1.0),20/05/26 11:00:00,Monthly,"Index, 2025=100",Total,European Union - 27 countries (from 2020),2014-06,01-06-2014,75.47,,
ESTAT:PRC_HICP_MINR(1.0),20/05/26 11:00:00,Monthly,"Index, 2025=100",Total,European Union - 27 countries (from 2020),2014-07,01-07-2014,75.06,,
ESTAT:PRC_HICP_MINR(1.0),20/05/26 11:00:00,Monthly,"Index, 2025=100",Total,European Union - 27 countries (from 2020),2014-08,01-08-2014,75.1,,
ESTAT:PRC_HICP_MINR(1.0),20/05/26 11:00:00,Monthly,"Index, 2025=100",Total,European Union - 27 countries (from 2020),2014-09,01-09-2014,75.37,,
ESTAT:PRC_HICP_MINR(1.0),20/05/26 11:00:00,Monthly,"Index, 2025=100",Total,European Union - 27 countries (from 2020),2014-10,01-10-2014,75.34,,
ESTAT:PRC_HICP_MINR(1.0),20/05/26 11:00:00,Monthly,"Index, 2025=100",Total,European Union - 27 countries (from 2020),2014-11,01-11-2014,75.19,,
ESTAT:PRC_HICP_MINR(1.0),20/05/26 11:00:00,Monthly,"Index, 2025=100",Total,European Union - 27 countries (from 2020),2014-12,01-12-2014,75.11,,
ESTAT:PRC_HICP_MINR(1.0),20/05/26 11:00:00,Monthly,"Index, 2025=100",Total,European Union - 27 countries (from 2020),2015-01,01-01-2015,74.11,,
ESTAT:PRC_HICP_MINR(1.0),20/05/26 11:00:00,Monthly,"Index, 2025=100",Total,European Union - 27 countries (from 2020),2015-02,01-02-2015,74.52,,
ESTAT:PRC_HICP_MINR(1.0),20/05/26 11:00:00,Monthly,"Index, 2025=100",Total,European Union - 27 countries (from 2020),2015-03,01-03-2015,75.28,,
ESTAT:PRC_HICP_MINR(1.0),20/05/26 11:00:00,Monthly,"Index, 2025=100",Total,European Union - 27 countries (from 2020),2015-04,01-04-2015,75.59,,
ESTAT:PRC_HICP_MINR(1.0),20/05/26 11:00:00,Monthly,"Index, 2025=100",Total,European Union - 27 countries (from 2020),2015-05,01-05-2015,75.8,,
ESTAT:PRC_HICP_MINR(1.0),20/05/26 11:00:00,Monthly,"Index, 2025=100",Total,European Union - 27 countries (from 2020),2015-06,01-06-2015,75.76,,
ESTAT:PRC_HICP_MINR(1.0),20/05/26 11:00:00,Monthly,"Index, 2025=100",Total,European Union - 27 countries (from 2020),2015-07,01-07-2015,75.37,,
ESTAT:PRC_HICP_MINR(1.0),20/05/26 11:00:00,Monthly,"Index, 2025=100",Total,European Union - 27 countries (from 2020),2015-08,01-08-2015,75.33,,
ESTAT:PRC_HICP_MINR(1.0),20/05/26 11:00:00,Monthly,"Index, 2025=100",Total,European Union - 27 countries (from 2020),2015-09,01-09-2015,75.45,,
ESTAT:PRC_HICP_MINR(1.0),20/05/26 11:00:00,Monthly,"Index, 2025=100",Total,European Union - 27 countries (from 2020),2015-10,01-10-2015,75.53,,
ESTAT:PRC_HICP_MINR(1.0),20/05/26 11:00:00,Monthly,"Index, 2025=100",Total,European Union - 27 countries (from 2020),2015-11,01-11-2015,75.24,,
ESTAT:PRC_HICP_MINR(1.0),20/05/26 11:00:00,Monthly,"Index, 2025=100",Total,European Union - 27 countries (from 2020),2015-12,01-12-2015,75.24,,
ESTAT:PRC_HICP_MINR(1.0),20/05/26 11:00:00,Monthly,"Index, 2025=100",Total,European Union - 27 countries (from 2020),2016-01,01-01-2016,74.3,,
ESTAT:PRC_HICP_MINR(1.0),20/05/26 11:00:00,Monthly,"Index, 2025=100",Total,European Union - 27 countries (from 2020),2016-02,01-02-2016,74.4,,
ESTAT:PRC_HICP_MINR(1.0),20/05/26 11:00:00,Monthly,"Index, 2025=100",Total,European Union - 27 countries (from 2020),2016-03,01-03-2016,75.19,,
ESTAT:PRC_HICP_MINR(1.0),20/05/26 11:00:00,Monthly,"Index, 2025=100",Total,European Union - 27 countries (from 2020),2016-04,01-04-2016,75.35,,
ESTAT:PRC_HICP_MINR(1.0),20/05/26 11:00:00,Monthly,"Index, 2025=100",Total,European Union - 27 countries (from 2020),2016-05,01-05-2016,75.63,,
ESTAT:PRC_HICP_MINR(1.0),20/05/26 11:00:00,Monthly,"Index, 2025=100",Total,European Union - 27 countries (from 2020),2016-06,01-06-2016,75.76,,
ESTAT:PRC_HICP_MINR(1.0),20/05/26 11:00:00,Monthly,"Index, 2025=100",Total,European Union - 27 countries (from 2020),2016-07,01-07-2016,75.45,,
ESTAT:PRC_HICP_MINR(1.0),20/05/26 11:00:00,Monthly,"Index, 2025=100",Total,European Union - 27 countries (from 2020),2016-08,01-08-2016,75.46,,
ESTAT:PRC_HICP_MINR(1.0),20/05/26 11:00:00,Monthly,"Index, 2025=100",Total,European Union - 27 countries (from 2020),2016-09,01-09-2016,75.69,,
ESTAT:PRC_HICP_MINR(1.0),20/05/26 11:00:00,Monthly,"Index, 2025=100",Total,European Union - 27 countries (from 2020),2016-10,01-10-2016,75.88,,
ESTAT:PRC_HICP_MINR(1.0),20/05/26 11:00:00,Monthly,"Index, 2025=100",Total,European Union - 27 countries (from 2020),2016-11,01-11-2016,75.67,,
ESTAT:PRC_HICP_MINR(1.0),20/05/26 11:00:00,Monthly,"Index, 2025=100",Total,European Union - 27 countries (from 2020),2016-12,01-12-2016,76.05,,
ESTAT:PRC_HICP_MINR(1.0),20/05/26 11:00:00,Monthly,"Index, 2025=100",Total,European Union - 27 countries (from 2020),2017-01,01-01-2017,75.53,,
ESTAT:PRC_HICP_MINR(1.0),20/05/26 11:00:00,Monthly,"Index, 2025=100",Total,European Union - 27 countries (from 2020),2017-02,01-02-2017,75.83,,
ESTAT:PRC_HICP_MINR(1.0),20/05/26 11:00:00,Monthly,"Index, 2025=100",Total,European Union - 27 countries (from 2020),2017-03,01-03-2017,76.35,,
ESTAT:PRC_HICP_MINR(1.0),20/05/26 11:00:00,Monthly,"Index, 2025=100",Total,European Union - 27 countries (from 2020),2017-04,01-04-2017,76.75,,
ESTAT:PRC_HICP_MINR(1.0),20/05/26 11:00:00,Monthly,"Index, 2025=100",Total,European Union - 27 countries (from 2020),2017-05,01-05-2017,76.7,,
ESTAT:PRC_HICP_MINR(1.0),20/05/26 11:00:00,Monthly,"Index, 2025=100",Total,European Union - 27 countries (from 2020),2017-06,01-06-2017,76.75,,
ESTAT:PRC_HICP_MINR(1.0),20/05/26 11:00:00,Monthly,"Index, 2025=100",Total,European Union - 27 countries (from 2020),2017-07,01-07-2017,76.48,,
ESTAT:PRC_HICP_MINR(1.0),20/05/26 11:00:00,Monthly,"Index, 2025=100",Total,European Union - 27 countries (from 2020),2017-08,01-08-2017,76.63,,
ESTAT:PRC_HICP_MINR(1.0),20/05/26 11:00:00,Monthly,"Index, 2025=100",Total,European Union - 27 countries (from 2020),2017-09,01-09-2017,76.9,,
ESTAT:PRC_HICP_MINR(1.0),20/05/26 11:00:00,Monthly,"Index, 2025=100",Total,European Union - 27 countries (from 2020),2017-10,01-10-2017,76.99,,
ESTAT:PRC_HICP_MINR(1.0),20/05/26 11:00:00,Monthly,"Index, 2025=100",Total,European Union - 27 countries (from 2020),2017-11,01-11-2017,76.9,,
ESTAT:PRC_HICP_MINR(1.0),20/05/26 11:00:00,Monthly,"Index, 2025=100",Total,European Union - 27 countries (from 2020),2017-12,01-12-2017,77.14,,
ESTAT:PRC_HICP_MINR(1.0),20/05/26 11:00:00,Monthly,"Index, 2025=100",Total,European Union - 27 countries (from 2020),2018-01,01-01-2018,76.59,,
ESTAT:PRC_HICP_MINR(1.0),20/05/26 11:00:00,Monthly,"Index, 2025=100",Total,European Union - 27 countries (from 2020),2018-02,01-02-2018,76.73,,
ESTAT:PRC_HICP_MINR(1.0),20/05/26 11:00:00,Monthly,"Index, 2025=100",Total,European Union - 27 countries (from 2020),2018-03,01-03-2018,77.44,,
ESTAT:PRC_HICP_MINR(1.0),20/05/26 11:00:00,Monthly,"Index, 2025=100",Total,European Union - 27 countries (from 2020),2018-04,01-04-2018,77.76,,
ESTAT:PRC_HICP_MINR(1.0),20/05/26 11:00:00,Monthly,"Index, 2025=100",Total,European Union - 27 countries (from 2020),2018-05,01-05-2018,78.21,,
ESTAT:PRC_HICP_MINR(1.0),20/05/26 11:00:00,Monthly,"Index, 2025=100",Total,European Union - 27 countries (from 2020),2018-06,01-06-2018,78.3,,
ESTAT:PRC_HICP_MINR(1.0),20/05/26 11:00:00,Monthly,"Index, 2025=100",Total,European Union - 27 countries (from 2020),2018-07,01-07-2018,78.17,,
ESTAT:PRC_HICP_MINR(1.0),20/05/26 11:00:00,Monthly,"Index, 2025=100",Total,European Union - 27 countries (from 2020),2018-08,01-08-2018,78.26,,
ESTAT:PRC_HICP_MINR(1.0),20/05/26 11:00:00,Monthly,"Index, 2025=100",Total,European Union - 27 countries (from 2020),2018-09,01-09-2018,78.54,,
ESTAT:PRC_HICP_MINR(1.0),20/05/26 11:00:00,Monthly,"Index, 2025=100",Total,European Union - 27 countries (from 2020),2018-10,01-10-2018,78.74,,
ESTAT:PRC_HICP_MINR(1.0),20/05/26 11:00:00,Monthly,"Index, 2025=100",Total,European Union - 27 countries (from 2020),2018-11,01-11-2018,78.36,,
ESTAT:PRC_HICP_MINR(1.0),20/05/26 11:00:00,Monthly,"Index, 2025=100",Total,European Union - 27 countries (from 2020),2018-12,01-12-2018,78.34,,
ESTAT:PRC_HICP_MINR(1.0),20/05/26 11:00:00,Monthly,"Index, 2025=100",Total,European Union - 27 countries (from 2020),2019-01,01-01-2019,77.69,,
ESTAT:PRC_HICP_MINR(1.0),20/05/26 11:00:00,Monthly,"Index, 2025=100",Total,European Union - 27 countries (from 2020),2019-02,01-02-2019,77.96,,
ESTAT:PRC_HICP_MINR(1.0),20/05/26 11:00:00,Monthly,"Index, 2025=100",Total,European Union - 27 countries (from 2020),2019-03,01-03-2019,78.66,,
ESTAT:PRC_HICP_MINR(1.0),20/05/26 11:00:00,Monthly,"Index, 2025=100",Total,European Union - 27 countries (from 2020),2019-04,01-04-2019,79.22,,
ESTAT:PRC_HICP_MINR(1.0),20/05/26 11:00:00,Monthly,"Index, 2025=100",Total,European Union - 27 countries (from 2020),2019-05,01-05-2019,79.36,,
ESTAT:PRC_HICP_MINR(1.0),20/05/26 11:00:00,Monthly,"Index, 2025=100",Total,European Union - 27 countries (from 2020),2019-06,01-06-2019,79.46,,
ESTAT:PRC_HICP_MINR(1.0),20/05/26 11:00:00,Monthly,"Index, 2025=100",Total,European Union - 27 countries (from 2020),2019-07,01-07-2019,79.19,,
ESTAT:PRC_HICP_MINR(1.0),20/05/26 11:00:00,Monthly,"Index, 2025=100",Total,European Union - 27 countries (from 2020),2019-08,01-08-2019,79.26,,
ESTAT:PRC_HICP_MINR(1.0),20/05/26 11:00:00,Monthly,"Index, 2025=100",Total,European Union - 27 countries (from 2020),2019-09,01-09-2019,79.4,,
ESTAT:PRC_HICP_MINR(1.0),20/05/26 11:00:00,Monthly,"Index, 2025=100",Total,European Union - 27 countries (from 2020),2019-10,01-10-2019,79.54,,
ESTAT:PRC_HICP_MINR(1.0),20/05/26 11:00:00,Monthly,"Index, 2025=100",Total,European Union - 27 countries (from 2020),2019-11,01-11-2019,79.34,,
ESTAT:PRC_HICP_MINR(1.0),20/05/26 11:00:00,Monthly,"Index, 2025=100",Total,European Union - 27 countries (from 2020),2019-12,01-12-2019,79.61,,
ESTAT:PRC_HICP_MINR(1.0),20/05/26 11:00:00,Monthly,"Index, 2025=100",Total,European Union - 27 countries (from 2020),2020-01,01-01-2020,79.03,,
ESTAT:PRC_HICP_MINR(1.0),20/05/26 11:00:00,Monthly,"Index, 2025=100",Total,European Union - 27 countries (from 2020),2020-02,01-02-2020,79.2,,
ESTAT:PRC_HICP_MINR(1.0),20/05/26 11:00:00,Monthly,"Index, 2025=100",Total,European Union - 27 countries (from 2020),2020-03,01-03-2020,79.56,,
ESTAT:PRC_HICP_MINR(1.0),20/05/26 11:00:00,Monthly,"Index, 2025=100",Total,European Union - 27 countries (from 2020),2020-04,01-04-2020,79.73,,
ESTAT:PRC_HICP_MINR(1.0),20/05/26 11:00:00,Monthly,"Index, 2025=100",Total,European Union - 27 countries (from 2020),2020-05,01-05-2020,79.74,,
ESTAT:PRC_HICP_MINR(1.0),20/05/26 11:00:00,Monthly,"Index, 2025=100",Total,European Union - 27 countries (from 2020),2020-06,01-06-2020,80.02,,
ESTAT:PRC_HICP_MINR(1.0),20/05/26 11:00:00,Monthly,"Index, 2025=100",Total,European Union - 27 countries (from 2020),2020-07,01-07-2020,79.83,,
ESTAT:PRC_HICP_MINR(1.0),20/05/26 11:00:00,Monthly,"Index, 2025=100",Total,European Union - 27 countries (from 2020),2020-08,01-08-2020,79.55,,
ESTAT:PRC_HICP_MINR(1.0),20/05/26 11:00:00,Monthly,"Index, 2025=100",Total,European Union - 27 countries (from 2020),2020-09,01-09-2020,79.58,,
ESTAT:PRC_HICP_MINR(1.0),20/05/26 11:00:00,Monthly,"Index, 2025=100",Total,European Union - 27 countries (from 2020),2020-10,01-10-2020,79.72,,
ESTAT:PRC_HICP_MINR(1.0),20/05/26 11:00:00,Monthly,"Index, 2025=100",Total,European Union - 27 countries (from 2020),2020-11,01-11-2020,79.5,,
ESTAT:PRC_HICP_MINR(1.0),20/05/26 11:00:00,Monthly,"Index, 2025=100",Total,European Union - 27 countries (from 2020),2020-12,01-12-2020,79.76,,
ESTAT:PRC_HICP_MINR(1.0),20/05/26 11:00:00,Monthly,"Index, 2025=100",Total,European Union - 27 countries (from 2020),2021-01,01-01-2021,79.99,,
ESTAT:PRC_HICP_MINR(1.0),20/05/26 11:00:00,Monthly,"Index, 2025=100",Total,European Union - 27 countries (from 2020),2021-02,01-02-2021,80.2,,
ESTAT:PRC_HICP_MINR(1.0),20/05/26 11:00:00,Monthly,"Index, 2025=100",Total,European Union - 27 countries (from 2020),2021-03,01-03-2021,80.88,,
ESTAT:PRC_HICP_MINR(1.0),20/05/26 11:00:00,Monthly,"Index, 2025=100",Total,European Union - 27 countries (from 2020),2021-04,01-04-2021,81.35,,
ESTAT:PRC_HICP_MINR(1.0),20/05/26 11:00:00,Monthly,"Index, 2025=100",Total,European Union - 27 countries (from 2020),2021-05,01-05-2021,81.57,,
ESTAT:PRC_HICP_MINR(1.0),20/05/26 11:00:00,Monthly,"Index, 2025=100",Total,European Union - 27 countries (from 2020),2021-06,01-06-2021,81.77,,
ESTAT:PRC_HICP_MINR(1.0),20/05/26 11:00:00,Monthly,"Index, 2025=100",Total,European Union - 27 countries (from 2020),2021-07,01-07-2021,81.8,,
ESTAT:PRC_HICP_MINR(1.0),20/05/26 11:00:00,Monthly,"Index, 2025=100",Total,European Union - 27 countries (from 2020),2021-08,01-08-2021,82.07,,
ESTAT:PRC_HICP_MINR(1.0),20/05/26 11:00:00,Monthly,"Index, 2025=100",Total,European Union - 27 countries (from 2020),2021-09,01-09-2021,82.47,,
ESTAT:PRC_HICP_MINR(1.0),20/05/26 11:00:00,Monthly,"Index, 2025=100",Total,European Union - 27 countries (from 2020),2021-10,01-10-2021,83.2,,
ESTAT:PRC_HICP_MINR(1.0),20/05/26 11:00:00,Monthly,"Index, 2025=100",Total,European Union - 27 countries (from 2020),2021-11,01-11-2021,83.6,,
ESTAT:PRC_HICP_MINR(1.0),20/05/26 11:00:00,Monthly,"Index, 2025=100",Total,European Union - 27 countries (from 2020),2021-12,01-12-2021,83.99,,
ESTAT:PRC_HICP_MINR(1.0),20/05/26 11:00:00,Monthly,"Index, 2025=100",Total,European Union - 27 countries (from 2020),2022-01,01-01-2022,84.45,,
ESTAT:PRC_HICP_MINR(1.0),20/05/26 11:00:00,Monthly,"Index, 2025=100",Total,European Union - 27 countries (from 2020),2022-02,01-02-2022,85.18,,
ESTAT:PRC_HICP_MINR(1.0),20/05/26 11:00:00,Monthly,"Index, 2025=100",Total,European Union - 27 countries (from 2020),2022-03,01-03-2022,87.21,,
ESTAT:PRC_HICP_MINR(1.0),20/05/26 11:00:00,Monthly,"Index, 2025=100",Total,European Union - 27 countries (from 2020),2022-04,01-04-2022,87.94,,
ESTAT:PRC_HICP_MINR(1.0),20/05/26 11:00:00,Monthly,"Index, 2025=100",Total,European Union - 27 countries (from 2020),2022-05,01-05-2022,88.78,,
ESTAT:PRC_HICP_MINR(1.0),20/05/26 11:00:00,Monthly,"Index, 2025=100",Total,European Union - 27 countries (from 2020),2022-06,01-06-2022,89.59,,
ESTAT:PRC_HICP_MINR(1.0),20/05/26 11:00:00,Monthly,"Index, 2025=100",Total,European Union - 27 countries (from 2020),2022-07,01-07-2022,89.8,,
ESTAT:PRC_HICP_MINR(1.0),20/05/26 11:00:00,Monthly,"Index, 2025=100",Total,European Union - 27 countries (from 2020),2022-08,01-08-2022,90.4,,
ESTAT:PRC_HICP_MINR(1.0),20/05/26 11:00:00,Monthly,"Index, 2025=100",Total,European Union - 27 countries (from 2020),2022-09,01-09-2022,91.49,,
ESTAT:PRC_HICP_MINR(1.0),20/05/26 11:00:00,Monthly,"Index, 2025=100",Total,European Union - 27 countries (from 2020),2022-10,01-10-2022,92.77,,
ESTAT:PRC_HICP_MINR(1.0),20/05/26 11:00:00,Monthly,"Index, 2025=100",Total,European Union - 27 countries (from 2020),2022-11,01-11-2022,92.88,,
ESTAT:PRC_HICP_MINR(1.0),20/05/26 11:00:00,Monthly,"Index, 2025=100",Total,European Union - 27 countries (from 2020),2022-12,01-12-2022,92.72,,
ESTAT:PRC_HICP_MINR(1.0),20/05/26 11:00:00,Monthly,"Index, 2025=100",Total,European Union - 27 countries (from 2020),2023-01,01-01-2023,92.87,,
ESTAT:PRC_HICP_MINR(1.0),20/05/26 11:00:00,Monthly,"Index, 2025=100",Total,European Union - 27 countries (from 2020),2023-02,01-02-2023,93.65,,
ESTAT:PRC_HICP_MINR(1.0),20/05/26 11:00:00,Monthly,"Index, 2025=100",Total,European Union - 27 countries (from 2020),2023-03,01-03-2023,94.48,,
ESTAT:PRC_HICP_MINR(1.0),20/05/26 11:00:00,Monthly,"Index, 2025=100",Total,European Union - 27 countries (from 2020),2023-04,01-04-2023,95.07,,
ESTAT:PRC_HICP_MINR(1.0),20/05/26 11:00:00,Monthly,"Index, 2025=100",Total,European Union - 27 countries (from 2020),2023-05,01-05-2023,95.1,,
ESTAT:PRC_HICP_MINR(1.0),20/05/26 11:00:00,Monthly,"Index, 2025=100",Total,European Union - 27 countries (from 2020),2023-06,01-06-2023,95.35,,
ESTAT:PRC_HICP_MINR(1.0),20/05/26 11:00:00,Monthly,"Index, 2025=100",Total,European Union - 27 countries (from 2020),2023-07,01-07-2023,95.32,,
ESTAT:PRC_HICP_MINR(1.0),20/05/26 11:00:00,Monthly,"Index, 2025=100",Total,European Union - 27 countries (from 2020),2023-08,01-08-2023,95.77,,
ESTAT:PRC_HICP_MINR(1.0),20/05/26 11:00:00,Monthly,"Index, 2025=100",Total,European Union - 27 countries (from 2020),2023-09,01-09-2023,96.02,,
ESTAT:PRC_HICP_MINR(1.0),20/05/26 11:00:00,Monthly,"Index, 2025=100",Total,European Union - 27 countries (from 2020),2023-10,01-10-2023,96.14,,
ESTAT:PRC_HICP_MINR(1.0),20/05/26 11:00:00,Monthly,"Index, 2025=100",Total,European Union - 27 countries (from 2020),2023-11,01-11-2023,95.76,,
ESTAT:PRC_HICP_MINR(1.0),20/05/26 11:00:00,Monthly,"Index, 2025=100",Total,European Union - 27 countries (from 2020),2023-12,01-12-2023,95.9,,
ESTAT:PRC_HICP_MINR(1.0),20/05/26 11:00:00,Monthly,"Index, 2025=100",Total,European Union - 27 countries (from 2020),2024-01,01-01-2024,95.74,,
ESTAT:PRC_HICP_MINR(1.0),20/05/26 11:00:00,Monthly,"Index, 2025=100",Total,European Union - 27 countries (from 2020),2024-02,01-02-2024,96.3,,
ESTAT:PRC_HICP_MINR(1.0),20/05/26 11:00:00,Monthly,"Index, 2025=100",Total,European Union - 27 countries (from 2020),2024-03,01-03-2024,96.94,,
ESTAT:PRC_HICP_MINR(1.0),20/05/26 11:00:00,Monthly,"Index, 2025=100",Total,European Union - 27 countries (from 2020),2024-04,01-04-2024,97.51,,
ESTAT:PRC_HICP_MINR(1.0),20/05/26 11:00:00,Monthly,"Index, 2025=100",Total,European Union - 27 countries (from 2020),2024-05,01-05-2024,97.69,,
ESTAT:PRC_HICP_MINR(1.0),20/05/26 11:00:00,Monthly,"Index, 2025=100",Total,European Union - 27 countries (from 2020),2024-06,01-06-2024,97.87,,
ESTAT:PRC_HICP_MINR(1.0),20/05/26 11:00:00,Monthly,"Index, 2025=100",Total,European Union - 27 countries (from 2020),2024-07,01-07-2024,97.99,,
ESTAT:PRC_HICP_MINR(1.0),20/05/26 11:00:00,Monthly,"Index, 2025=100",Total,European Union - 27 countries (from 2020),2024-08,01-08-2024,98.1,,
ESTAT:PRC_HICP_MINR(1.0),20/05/26 11:00:00,Monthly,"Index, 2025=100",Total,European Union - 27 countries (from 2020),2024-09,01-09-2024,98.02,,
ESTAT:PRC_HICP_MINR(1.0),20/05/26 11:00:00,Monthly,"Index, 2025=100",Total,European Union - 27 countries (from 2020),2024-10,01-10-2024,98.37,,
ESTAT:PRC_HICP_MINR(1.0),20/05/26 11:00:00,Monthly,"Index, 2025=100",Total,European Union - 27 countries (from 2020),2024-11,01-11-2024,98.18,,
ESTAT:PRC_HICP_MINR(1.0),20/05/26 11:00:00,Monthly,"Index, 2025=100",Total,European Union - 27 countries (from 2020),2024-12,01-12-2024,98.48,,
ESTAT:PRC_HICP_MINR(1.0),20/05/26 11:00:00,Monthly,"Index, 2025=100",Total,European Union - 27 countries (from 2020),2025-01,01-01-2025,98.43,,
ESTAT:PRC_HICP_MINR(1.0),20/05/26 11:00:00,Monthly,"Index, 2025=100",Total,European Union - 27 countries (from 2020),2025-02,01-02-2025,98.88,,
ESTAT:PRC_HICP_MINR(1.0),20/05/26 11:00:00,Monthly,"Index, 2025=100",Total,European Union - 27 countries (from 2020),2025-03,01-03-2025,99.38,,
ESTAT:PRC_HICP_MINR(1.0),20/05/26 11:00:00,Monthly,"Index, 2025=100",Total,European Union - 27 countries (from 2020),2025-04,01-04-2025,99.86,,
ESTAT:PRC_HICP_MINR(1.0),20/05/26 11:00:00,Monthly,"Index, 2025=100",Total,European Union - 27 countries (from 2020),2025-05,01-05-2025,99.85,,
ESTAT:PRC_HICP_MINR(1.0),20/05/26 11:00:00,Monthly,"Index, 2025=100",Total,European Union - 27 countries (from 2020),2025-06,01-06-2025,100.14,,
ESTAT:PRC_HICP_MINR(1.0),20/05/26 11:00:00,Monthly,"Index, 2025=100",Total,European Union - 27 countries (from 2020),2025-07,01-07-2025,100.3,,
ESTAT:PRC_HICP_MINR(1.0),20/05/26 11:00:00,Monthly,"Index, 2025=100",Total,European Union - 27 countries (from 2020),2025-08,01-08-2025,100.48,,
ESTAT:PRC_HICP_MINR(1.0),20/05/26 11:00:00,Monthly,"Index, 2025=100",Total,European Union - 27 countries (from 2020),2025-09,01-09-2025,100.56,,
ESTAT:PRC_HICP_MINR(1.0),20/05/26 11:00:00,Monthly,"Index, 2025=100",Total,European Union - 27 countries (from 2020),2025-10,01-10-2025,100.81,,
ESTAT:PRC_HICP_MINR(1.0),20/05/26 11:00:00,Monthly,"Index, 2025=100",Total,European Union - 27 countries (from 2020),2025-11,01-11-2025,100.58,,
ESTAT:PRC_HICP_MINR(1.0),20/05/26 11:00:00,Monthly,"Index, 2025=100",Total,European Union - 27 countries (from 2020),2025-12,01-12-2025,100.73,,
ESTAT:PRC_HICP_MINR(1.0),20/05/26 11:00:00,Monthly,"Index, 2025=100",Total,European Union - 27 countries (from 2020),2026-01,01-01-2026,100.38,,
ESTAT:PRC_HICP_MINR(1.0),20/05/26 11:00:00,Monthly,"Index, 2025=100",Total,European Union - 27 countries (from 2020),2026-02,01-02-2026,100.99,,
